time,Xrefc,Yrefc,Xrobotc,Yrobotc,ISExc,ISEyc
0,0,0,0.000185889,1.29E-05,0,0
0.1,0.003299398,4.12E-05,0.00184549,-2.44E-05,3.63E-07,2.75E-11
0.2,0.006595189,0.000164914,0.004482637,-4.82E-05,4.31E-07,3.73E-10
0.3,0.009883768,0.000370815,0.008634292,-0.000143233,7.61E-07,1.35E-09
0.4,0.013161542,0.000658626,0.011825823,0.000433544,1.13E-06,3.50E-09
0.5,0.016424933,0.001027897,0.014173556,0.00102648,1.54E-06,7.40E-09
0.6,0.019670381,0.001478051,0.016837691,0.000830243,1.98E-06,1.36E-08
0.7,0.022894351,0.002008384,0.021102685,0.001268943,2.42E-06,2.28E-08
0.8,0.026093339,0.002618067,0.023696461,0.002115749,2.87E-06,3.56E-08
0.9,0.029263873,0.003306145,0.026845627,0.002414059,3.31E-06,5.24E-08
1,0.032402519,0.004071543,0.030685067,0.003283863,3.75E-06,7.40E-08
1.1,0.03550589,0.004913061,0.033031774,0.004350596,4.18E-06,1.01E-07
1.2,0.038570642,0.005829382,0.036222131,0.004886685,4.60E-06,1.34E-07
1.3,0.041593488,0.00681907,0.039524144,0.006395766,5.00E-06,1.73E-07
1.4,0.044571195,0.007880571,0.043325432,0.007347984,5.40E-06,2.19E-07
1.5,0.047500594,0.009012222,0.046179011,0.008197069,5.78E-06,2.72E-07
1.6,0.050378579,0.010212244,0.047696874,0.009359073,6.14E-06,3.34E-07
1.7,0.053202116,0.011478751,0.051455177,0.010636337,6.50E-06,4.03E-07
1.8,0.055968243,0.012809752,0.05454511,0.011936313,6.83E-06,4.82E-07
1.9,0.058674078,0.014203152,0.056336703,0.013324603,7.16E-06,5.69E-07
2,0.061316819,0.015656754,0.059167944,0.014517263,7.47E-06,6.67E-07
2.1,0.063893753,0.017168267,0.061437607,0.015956698,7.76E-06,7.73E-07
2.2,0.066402251,0.018735303,0.06484023,0.017314089,8.04E-06,8.90E-07
2.3,0.068839783,0.020355386,0.067668148,0.018802037,8.30E-06,1.02E-06
2.4,0.07120391,0.02202595,0.069702373,0.020736434,8.55E-06,1.15E-06
2.5,0.073492295,0.02374435,0.071556522,0.022824235,8.79E-06,1.30E-06
2.6,0.075702704,0.025507856,0.07359117,0.023754736,9.01E-06,1.46E-06
2.7,0.077833009,0.027313668,0.075766905,0.025744924,9.21E-06,1.62E-06
2.8,0.079881188,0.02915891,0.078354386,0.02825546,9.40E-06,1.80E-06
2.9,0.081845333,0.03104064,0.079786116,0.029397054,9.58E-06,1.98E-06
3,0.083723648,0.032955853,0.081765751,0.031840832,9.75E-06,2.18E-06
3.1,0.085514454,0.034901484,0.084603364,0.033383292,9.90E-06,2.38E-06
3.2,0.08721619,0.036874414,0.085360163,0.035039691,1.00E-05,2.59E-06
3.3,0.088827416,0.038871473,0.088037698,0.037529406,1.02E-05,2.80E-06
3.4,0.090346812,0.040889445,0.089691502,0.039756055,1.03E-05,3.03E-06
3.5,0.091773186,0.042925074,0.090629453,0.041071275,1.04E-05,3.25E-06
3.6,0.093105467,0.044975067,0.091991659,0.043551107,1.05E-05,3.48E-06
3.7,0.094342714,0.047036099,0.092717265,0.045118694,1.06E-05,3.72E-06
3.8,0.095484112,0.049104816,0.094833133,0.047689334,1.07E-05,3.96E-06
3.9,0.096528978,0.051177845,0.095740505,0.049968169,1.07E-05,4.20E-06
4,0.097476755,0.053251794,0.096657214,0.052147565,1.08E-05,4.43E-06
4.1,0.098327018,0.055323257,0.098002878,0.053697757,1.08E-05,4.67E-06
4.2,0.099079475,0.057388822,0.098342081,0.055626792,1.09E-05,4.91E-06
4.3,0.099733962,0.059445073,0.098896631,0.058349447,1.09E-05,5.14E-06
4.4,0.100290449,0.061488597,0.099411251,0.060400124,1.10E-05,5.37E-06
4.5,0.100749035,0.063515987,0.100862912,0.062065449,1.10E-05,5.60E-06
4.6,0.10110995,0.065523848,0.100379525,0.064364744,1.10E-05,5.82E-06
4.7,0.101373557,0.067508801,0.1009892,0.06572706,1.10E-05,6.03E-06
4.8,0.101540347,0.069467489,0.101829895,0.067866852,1.10E-05,6.23E-06
4.9,0.101610939,0.071396581,0.102017217,0.070163698,1.10E-05,6.43E-06
5,0.101586082,0.073292777,0.100601508,0.071437094,1.10E-05,6.62E-06
5.1,0.10146665,0.075152813,0.101571336,0.073960595,1.10E-05,6.80E-06
5.2,0.101253644,0.076973466,0.100467785,0.075976701,1.10E-05,6.97E-06
5.3,0.100948188,0.078751555,0.101156426,0.077306026,1.10E-05,7.12E-06
5.4,0.100551529,0.080483952,0.099946929,0.079577832,1.10E-05,7.27E-06
5.5,0.100065033,0.082167582,0.100857385,0.080734503,1.10E-05,7.41E-06
5.6,0.099490186,0.083799427,0.099840077,0.08260278,1.10E-05,7.53E-06
5.7,0.098828587,0.085376535,0.098587093,0.084630275,1.10E-05,7.65E-06
5.8,0.098081953,0.086896018,0.098761591,0.08626264,1.11E-05,7.75E-06
5.9,0.097252109,0.088355061,0.097247983,0.087058178,1.11E-05,7.84E-06
6,0.096340989,0.089750924,0.096096454,0.088711763,1.11E-05,7.92E-06
6.1,0.095350634,0.091080946,0.096137294,0.090166964,1.11E-05,7.99E-06
6.2,0.094283185,0.09234255,0.094617693,0.091785264,1.11E-05,8.06E-06
6.3,0.093140885,0.093533244,0.093367083,0.092468664,1.11E-05,8.11E-06
6.4,0.091926072,0.094650628,0.092071241,0.094081498,1.12E-05,8.15E-06
6.5,0.090641177,0.095692396,0.091017743,0.094863322,1.12E-05,8.19E-06
6.6,0.089288722,0.096656339,0.089906302,0.095679632,1.13E-05,8.22E-06
6.7,0.08787131,0.097540349,0.088581209,0.096850514,1.13E-05,8.24E-06
6.8,0.086391632,0.098342421,0.086618159,0.098121955,1.14E-05,8.26E-06
6.9,0.084852452,0.099060656,0.086532979,0.098444232,1.15E-05,8.27E-06
7,0.083256611,0.099693267,0.083531171,0.099260076,1.16E-05,8.28E-06
7.1,0.081607018,0.100238575,0.082249904,0.099667317,1.17E-05,8.29E-06
7.2,0.079906648,0.100695019,0.08098113,0.10087882,1.18E-05,8.29E-06
7.3,0.078158539,0.101061154,0.07922378,0.101413621,1.19E-05,8.29E-06
7.4,0.076365784,0.101335652,0.077907243,0.10133466,1.21E-05,8.29E-06
7.5,0.074531531,0.101517309,0.075426442,0.10197345,1.22E-05,8.29E-06
7.6,0.072658972,0.101605042,0.074022547,0.101262067,1.24E-05,8.29E-06
7.7,0.070751347,0.101597891,0.072435889,0.101556269,1.25E-05,8.29E-06
7.8,0.068811932,0.101495026,0.069978331,0.101807195,1.27E-05,8.30E-06
7.9,0.066844038,0.10129574,0.067626796,0.101192856,1.29E-05,8.30E-06
8,0.064851006,0.100999457,0.066281271,0.101663829,1.31E-05,8.31E-06
8.1,0.062836199,0.100605729,0.064288946,0.101437994,1.33E-05,8.33E-06
8.2,0.060803004,0.100114239,0.061711471,0.100963533,1.35E-05,8.35E-06
8.3,0.058754819,0.0995248,0.060179445,0.100131052,1.37E-05,8.37E-06
8.4,0.056695055,0.098837357,0.058997553,0.099336432,1.40E-05,8.40E-06
8.5,0.054627125,0.098051983,0.056658545,0.098919306,1.42E-05,8.44E-06
8.6,0.052554446,0.097168887,0.054711931,0.097542822,1.44E-05,8.48E-06
8.7,0.050480427,0.096188406,0.051876758,0.097007035,1.47E-05,8.53E-06
8.8,0.04840847,0.095111009,0.04955029,0.095853675,1.49E-05,8.59E-06
8.9,0.046341962,0.093937294,0.047443235,0.094729703,1.51E-05,8.65E-06
9,0.04428427,0.092667991,0.046534048,0.093703578,1.54E-05,8.73E-06
9.1,0.042238737,0.091303955,0.044534564,0.091839264,1.56E-05,8.81E-06
9.2,0.04020868,0.089846173,0.041296336,0.090460554,1.59E-05,8.90E-06
9.3,0.038197379,0.088295756,0.039162408,0.089731053,1.61E-05,9.01E-06
9.4,0.036208078,0.086653939,0.0384857,0.087454065,1.63E-05,9.12E-06
9.5,0.034243978,0.084922082,0.035303732,0.085800001,1.65E-05,9.25E-06
9.6,0.03230823,0.083101667,0.03318811,0.083907038,1.68E-05,9.38E-06
9.7,0.030403938,0.081194295,0.031328602,0.082164731,1.70E-05,9.53E-06
9.8,0.028534147,0.079201684,0.030422901,0.080956356,1.72E-05,9.69E-06
9.9,0.02670184,0.077125668,0.028437607,0.07825342,1.74E-05,9.87E-06
10,0.024909938,0.074968194,0.026719484,0.076595608,1.76E-05,1.01E-05
10.1,0.023161291,0.072731318,0.025118122,0.074085404,1.77E-05,1.03E-05
10.2,0.021458678,0.070417207,0.02314756,0.07213543,1.79E-05,1.05E-05
10.3,0.019804799,0.068028129,0.02178988,0.069927023,1.81E-05,1.07E-05
10.4,0.018202274,0.065566455,0.019781111,0.066818972,1.82E-05,1.09E-05
10.5,0.016653638,0.063034655,0.018181527,0.065109347,1.84E-05,1.12E-05
10.6,0.015161338,0.060435293,0.015729299,0.062046162,1.85E-05,1.15E-05
10.7,0.01372773,0.057771026,0.015436106,0.059174289,1.86E-05,1.17E-05
10.8,0.012355075,0.055044598,0.01312783,0.05698412,1.87E-05,1.20E-05
10.9,0.011045534,0.052258839,0.012080018,0.053927908,1.88E-05,1.23E-05
11,0.009801168,0.049416657,0.011052274,0.051255492,1.89E-05,1.27E-05
11.1,0.008623934,0.04652104,0.010238674,0.04798307,1.90E-05,1.30E-05
11.2,0.007515681,0.043575046,0.008916459,0.045174355,1.91E-05,1.34E-05
11.3,0.00647815,0.040581801,0.00699437,0.042381432,1.91E-05,1.37E-05
11.4,0.005512968,0.037544499,0.00559798,0.039129846,1.92E-05,1.41E-05
11.5,0.004621648,0.03446639,0.004754636,0.036868943,1.92E-05,1.45E-05
11.6,0.003805587,0.031350781,0.00475869,0.033400008,1.92E-05,1.49E-05
11.7,0.003066064,0.028201031,0.004332542,0.030637447,1.93E-05,1.53E-05
11.8,0.002404235,0.025020543,0.002243468,0.026832176,1.93E-05,1.58E-05
11.9,0.001821137,0.021812764,0.0016647,0.024096689,1.93E-05,1.62E-05
12,0.001317681,0.018581178,0.001353833,0.020348008,1.93E-05,1.66E-05
12.1,0.000894656,0.0153293,0.001507899,0.017380938,1.94E-05,1.71E-05
12.2,0.000552721,0.012060674,0.000401662,0.014301292,1.94E-05,1.76E-05
12.3,0.000292412,0.008778866,-0.000117086,0.010574159,1.94E-05,1.80E-05
12.4,0.000114135,0.005487461,-7.61E-05,0.007534425,1.94E-05,1.85E-05
12.5,1.82E-05,0.002190054,0.000332979,0.004616743,1.94E-05,1.90E-05
12.6,4.67E-06,-0.001109747,-0.000207424,0.000622053,1.94E-05,1.95E-05
12.7,7.36E-05,-0.004408334,-0.000491446,-0.001917884,1.94E-05,2.00E-05
12.8,0.000224994,-0.007702101,0.000561716,-0.005813301,1.94E-05,2.04E-05
12.9,0.000458483,-0.010987447,0.000246016,-0.009026276,1.94E-05,2.09E-05
13,0.000773745,-0.014260783,0.000411581,-0.011758028,1.94E-05,2.14E-05
13.1,0.001170287,-0.017518535,0.001524711,-0.01552809,1.94E-05,2.19E-05
13.2,0.001647489,-0.020757154,0.000929314,-0.018739489,1.94E-05,2.23E-05
13.3,0.002204606,-0.023973113,0.001628691,-0.021624468,1.94E-05,2.28E-05
13.4,0.002840765,-0.027162917,0.002886599,-0.024786075,1.94E-05,2.32E-05
13.5,0.003554972,-0.030323108,0.003446407,-0.027752405,1.94E-05,2.37E-05
13.6,0.004346108,-0.033450268,0.003456214,-0.031842907,1.95E-05,2.41E-05
13.7,0.005212936,-0.036541021,0.004671356,-0.034265447,1.95E-05,2.46E-05
13.8,0.006154095,-0.039592045,0.005969544,-0.037205537,1.95E-05,2.50E-05
13.9,0.007168112,-0.042600069,0.007018128,-0.040460557,1.96E-05,2.54E-05
14,0.008253396,-0.045561881,0.007095324,-0.043743847,1.96E-05,2.58E-05
14.1,0.009408243,-0.048474333,0.007933458,-0.046376152,1.97E-05,2.61E-05
14.2,0.010630839,-0.051334342,0.009559205,-0.049352281,1.97E-05,2.65E-05
14.3,0.011919263,-0.054138899,0.010807506,-0.052527643,1.98E-05,2.68E-05
14.4,0.013271487,-0.056885068,0.013067036,-0.054691486,1.99E-05,2.72E-05
14.5,0.014685383,-0.059569994,0.013568559,-0.057366323,2.00E-05,2.75E-05
14.6,0.016158721,-0.062190903,0.015471132,-0.060663062,2.01E-05,2.78E-05
14.7,0.017689177,-0.064745111,0.017105597,-0.063361323,2.02E-05,2.81E-05
14.8,0.019274333,-0.067230021,0.017694642,-0.06573444,2.03E-05,2.83E-05
14.9,0.020911682,-0.069643134,0.019927388,-0.068259563,2.04E-05,2.86E-05
15,0.022598633,-0.071982046,0.021150649,-0.070229382,2.06E-05,2.89E-05
15.1,0.02433251,-0.074244452,0.023863858,-0.072912201,2.07E-05,2.91E-05
15.2,0.02611056,-0.076428155,0.025624878,-0.0749196,2.09E-05,2.93E-05
15.3,0.027929956,-0.078531061,0.02676112,-0.077337604,2.11E-05,2.95E-05
15.4,0.0297878,-0.080551188,0.02783098,-0.079347426,2.12E-05,2.97E-05
15.5,0.031681129,-0.082486663,0.029581848,-0.080895044,2.14E-05,2.99E-05
15.6,0.033606916,-0.084335731,0.032791988,-0.083368861,2.16E-05,3.00E-05
15.7,0.035562078,-0.086096752,0.033462969,-0.084822447,2.18E-05,3.02E-05
15.8,0.037543479,-0.087768205,0.036349142,-0.08670166,2.20E-05,3.03E-05
15.9,0.039547932,-0.08934869,0.038426387,-0.088548216,2.22E-05,3.04E-05
16,0.041572207,-0.09083693,0.039296831,-0.089721573,2.25E-05,3.05E-05
16.1,0.043613036,-0.092231774,0.042753379,-0.091290292,2.27E-05,3.06E-05
16.2,0.045667114,-0.093532194,0.044681492,-0.092983303,2.29E-05,3.07E-05
16.3,0.047731105,-0.094737293,0.046871659,-0.094119592,2.32E-05,3.08E-05
16.4,0.04980165,-0.095846298,0.048036502,-0.094898681,2.34E-05,3.09E-05
16.5,0.051875368,-0.096858568,0.050598784,-0.0964848,2.37E-05,3.10E-05
16.6,0.053948861,-0.097773593,0.052257708,-0.096592553,2.39E-05,3.10E-05
16.7,0.056018722,-0.098590991,0.054336938,-0.097907201,2.41E-05,3.11E-05
16.8,0.058081536,-0.099310513,0.056454565,-0.098677022,2.44E-05,3.11E-05
16.9,0.060133888,-0.09993204,0.058571535,-0.099571061,2.46E-05,3.12E-05
17,0.062172366,-0.100455586,0.060094406,-0.099852548,2.48E-05,3.12E-05
17.1,0.064193566,-0.100881293,0.062966575,-0.100053117,2.51E-05,3.12E-05
17.2,0.066194099,-0.101209438,0.06427552,-0.100597308,2.53E-05,3.12E-05
17.3,0.068170593,-0.101440424,0.066884355,-0.100730921,2.55E-05,3.12E-05
17.4,0.070119698,-0.101574788,0.06949766,-0.101544228,2.57E-05,3.12E-05
17.5,0.072038094,-0.101613191,0.071017205,-0.101002823,2.59E-05,3.13E-05
17.6,0.073922493,-0.101556425,0.072262599,-0.101494795,2.61E-05,3.13E-05
17.7,0.075769642,-0.101405407,0.074853852,-0.101241662,2.62E-05,3.13E-05
17.8,0.077576333,-0.101161179,0.076359357,-0.100857535,2.64E-05,3.13E-05
17.9,0.079339403,-0.100824907,0.07757178,-0.10128829,2.66E-05,3.13E-05
18,0.08105574,-0.100397878,0.080238681,-0.100524718,2.67E-05,3.13E-05
18.1,0.082722289,-0.099881498,0.081578715,-0.099538897,2.68E-05,3.13E-05
18.2,0.084336053,-0.099277293,0.083942105,-0.098946655,2.70E-05,3.13E-05
18.3,0.0858941,-0.0985869,0.085535539,-0.099096118,2.71E-05,3.13E-05
18.4,0.087393568,-0.097812074,0.086387388,-0.09832012,2.72E-05,3.13E-05
18.5,0.088831666,-0.096954676,0.088169634,-0.097281904,2.73E-05,3.13E-05
18.6,0.09020568,-0.096016677,0.089962208,-0.096158145,2.73E-05,3.13E-05
18.7,0.091512977,-0.095000151,0.091413786,-0.095863901,2.74E-05,3.13E-05
18.8,0.092751008,-0.093907275,0.091329883,-0.094706205,2.75E-05,3.14E-05
18.9,0.093917311,-0.092740324,0.093698543,-0.093521176,2.75E-05,3.14E-05
19,0.095009519,-0.091501667,0.094916021,-0.092005563,2.76E-05,3.14E-05
19.1,0.096025357,-0.090193767,0.096132298,-0.091081639,2.76E-05,3.15E-05
19.2,0.096962649,-0.088819172,0.096681346,-0.089686761,2.76E-05,3.15E-05
19.3,0.097819322,-0.087380517,0.09719719,-0.088001427,2.76E-05,3.16E-05
19.4,0.098593406,-0.085880516,0.098468411,-0.086306591,2.77E-05,3.17E-05
19.5,0.099283041,-0.084321961,0.098464372,-0.085079071,2.77E-05,3.18E-05
19.6,0.099886473,-0.082707715,0.099406306,-0.083389382,2.77E-05,3.18E-05
19.7,0.100402066,-0.081040711,0.100169799,-0.082429343,2.77E-05,3.20E-05
19.8,0.100828295,-0.079323945,0.100811751,-0.07997548,2.77E-05,3.21E-05
19.9,0.101163755,-0.077560474,0.100800119,-0.07884529,2.77E-05,3.22E-05
20,0.10140716,-0.07575341,0.101371253,-0.077400204,2.77E-05,3.23E-05
20.1,0.101557345,-0.073905915,0.101352161,-0.074835701,2.77E-05,3.25E-05
20.2,0.10161327,-0.072021201,0.101104756,-0.073240736,2.77E-05,3.27E-05
20.3,0.101574018,-0.070102517,0.102258255,-0.071394095,2.77E-05,3.28E-05
20.4,0.101438799,-0.068153154,0.10132636,-0.069207645,2.77E-05,3.30E-05
20.5,0.101206952,-0.066176432,0.101727613,-0.067447135,2.77E-05,3.32E-05
20.6,0.100877942,-0.064175701,0.101392601,-0.065370584,2.77E-05,3.34E-05
20.7,0.100451367,-0.062154332,0.101522252,-0.063120063,2.77E-05,3.36E-05
20.8,0.099926951,-0.060115715,0.100895156,-0.061450341,2.77E-05,3.38E-05
20.9,0.099304554,-0.058063256,0.100525049,-0.059294341,2.78E-05,3.40E-05
21,0.098584162,-0.056000364,0.098866629,-0.057318284,2.78E-05,3.43E-05
21.1,0.097765895,-0.053930456,0.098396037,-0.055353593,2.78E-05,3.45E-05
21.2,0.096850005,-0.051856946,0.097315797,-0.053528493,2.79E-05,3.47E-05
21.3,0.095836873,-0.049783242,0.096889794,-0.051091961,2.79E-05,3.50E-05
21.4,0.094727011,-0.04771274,0.095703333,-0.049701224,2.80E-05,3.52E-05
21.5,0.093521063,-0.045648822,0.093604963,-0.047370231,2.81E-05,3.55E-05
21.6,0.0922198,-0.043594847,0.092422223,-0.045642169,2.82E-05,3.57E-05
21.7,0.090824122,-0.041554151,0.091899402,-0.043093782,2.82E-05,3.60E-05
21.8,0.089335057,-0.039530037,0.090874154,-0.041475875,2.83E-05,3.62E-05
21.9,0.087753758,-0.037525774,0.088255898,-0.039312034,2.84E-05,3.64E-05
22,0.086081503,-0.035544593,0.087049201,-0.036619216,2.86E-05,3.67E-05
22.1,0.084319694,-0.033589678,0.084942951,-0.035005724,2.87E-05,3.69E-05
22.2,0.082469851,-0.031664166,0.084257459,-0.033313759,2.88E-05,3.71E-05
22.3,0.080533616,-0.029771139,0.082438029,-0.031168471,2.90E-05,3.73E-05
22.4,0.078512746,-0.027913623,0.079979007,-0.028983237,2.92E-05,3.75E-05
22.5,0.076409113,-0.026094582,0.077608312,-0.027599609,2.93E-05,3.77E-05
22.6,0.074224702,-0.024316912,0.075034421,-0.026152108,2.95E-05,3.79E-05
22.7,0.071961606,-0.02258344,0.074103045,-0.023626779,2.97E-05,3.81E-05
22.8,0.069622025,-0.020896918,0.070592466,-0.022653178,2.99E-05,3.82E-05
22.9,0.067208264,-0.019260021,0.069011155,-0.020476756,3.02E-05,3.84E-05
23,0.064722726,-0.017675339,0.066104441,-0.018881997,3.04E-05,3.85E-05
23.1,0.062167915,-0.01614538,0.06359129,-0.01753014,3.07E-05,3.87E-05
23.2,0.059546425,-0.01467256,0.061635014,-0.016079263,3.09E-05,3.88E-05
23.3,0.056860943,-0.013259203,0.058648015,-0.014531171,3.12E-05,3.89E-05
23.4,0.054114243,-0.011907536,0.056223401,-0.012444468,3.15E-05,3.90E-05
23.5,0.051309181,-0.010619688,0.053492128,-0.011215314,3.19E-05,3.91E-05
23.6,0.048448692,-0.009397685,0.050973188,-0.010698931,3.22E-05,3.92E-05
23.7,0.045535788,-0.008243448,0.047115707,-0.009005283,3.25E-05,3.93E-05
23.8,0.042573552,-0.00715879,0.044562863,-0.00761964,3.29E-05,3.93E-05
23.9,0.039565132,-0.006145413,0.041502161,-0.006669909,3.33E-05,3.94E-05
24,0.036513741,-0.005204907,0.038140955,-0.006143614,3.36E-05,3.94E-05
24.1,0.033422649,-0.004338747,0.035729269,-0.004622416,3.40E-05,3.95E-05
24.2,0.030295181,-0.003548288,0.032271687,-0.004468782,3.44E-05,3.95E-05
24.3,0.027134712,-0.00283477,0.029163277,-0.00325405,3.49E-05,3.96E-05
24.4,0.02394466,-0.002199309,0.026809731,-0.002173689,3.53E-05,3.96E-05
24.5,0.020728484,-0.001642898,0.023568177,-0.002454188,3.57E-05,3.96E-05
24.6,0.01748968,-0.001166409,0.020388035,-0.00191966,3.62E-05,3.96E-05
24.7,0.014231774,-0.000770586,0.016551622,-0.000954304,3.66E-05,3.96E-05
24.8,0.010958316,-0.000456048,0.012500948,-0.000528315,3.71E-05,3.96E-05
24.9,0.007672879,-0.000223287,0.009427767,-0.000781912,3.76E-05,3.96E-05
25,0.004379054,-7.27E-05,0.007315332,0.000283119,3.81E-05,3.96E-05
25.1,0.001080439,-4.42E-06,0.003199459,1.60E-05,3.85E-05,3.96E-05
25.2,-0.002219356,-1.87E-05,0.000102481,-0.000151532,3.90E-05,3.96E-05
25.3,-0.005516725,-0.000115357,-0.003108123,3.50E-05,3.95E-05,3.96E-05
25.4,-0.008808061,-0.000294363,-0.006451704,-9.25E-05,4.00E-05,3.96E-05
25.5,-0.012089768,-0.000555399,-0.009944251,2.04E-05,4.05E-05,3.96E-05
25.6,-0.015358261,-0.000898057,-0.013212588,-0.000266914,4.09E-05,3.96E-05
25.7,-0.018609974,-0.0013218,-0.015973519,-0.001267739,4.14E-05,3.96E-05
25.8,-0.021841364,-0.001825966,-0.019871883,-0.001984822,4.19E-05,3.97E-05
25.9,-0.025048916,-0.002409768,-0.022878263,-0.001943368,4.23E-05,3.97E-05
26,-0.028229146,-0.003072292,-0.026283718,-0.002343496,4.28E-05,3.97E-05
26.1,-0.031378608,-0.0038125,-0.028737151,-0.00364617,4.32E-05,3.97E-05
26.2,-0.034493898,-0.004629235,-0.032973874,-0.004262683,4.37E-05,3.97E-05
26.3,-0.037571659,-0.005521217,-0.035037626,-0.004695077,4.41E-05,3.98E-05
26.4,-0.040608585,-0.006487049,-0.038751901,-0.005541103,4.45E-05,3.98E-05
26.5,-0.043601423,-0.007525215,-0.041487861,-0.006728098,4.49E-05,3.98E-05
26.6,-0.046546984,-0.008634089,-0.045157968,-0.008387552,4.53E-05,3.99E-05
26.7,-0.04944214,-0.009811927,-0.048279064,-0.009526153,4.57E-05,3.99E-05
26.8,-0.052283834,-0.011056881,-0.050235697,-0.010321856,4.60E-05,4.00E-05
26.9,-0.055069079,-0.012366991,-0.053581719,-0.011061494,4.64E-05,4.01E-05
27,-0.057794966,-0.013740198,-0.055793027,-0.012568053,4.67E-05,4.02E-05
27.1,-0.060458669,-0.015174337,-0.058187336,-0.01437566,4.70E-05,4.03E-05
27.2,-0.063057442,-0.016667148,-0.062136428,-0.015688765,4.73E-05,4.04E-05
27.3,-0.065588631,-0.018216273,-0.064208087,-0.017378116,4.76E-05,4.05E-05
27.4,-0.068049671,-0.019819266,-0.065817997,-0.018206582,4.79E-05,4.06E-05
27.5,-0.070438093,-0.021473589,-0.068563357,-0.020282879,4.81E-05,4.07E-05
27.6,-0.072751529,-0.023176624,-0.071843822,-0.02178525,4.83E-05,4.09E-05
27.7,-0.074987708,-0.024925667,-0.073482887,-0.023782394,4.86E-05,4.10E-05
27.8,-0.077144467,-0.02671794,-0.074999304,-0.025599541,4.88E-05,4.12E-05
27.9,-0.079219751,-0.028550593,-0.07812565,-0.027354462,4.90E-05,4.14E-05
28,-0.081211613,-0.030420704,-0.079594371,-0.028706507,4.92E-05,4.16E-05
28.1,-0.083118221,-0.032325289,-0.081692318,-0.030811778,4.93E-05,4.18E-05
28.2,-0.084937856,-0.034261302,-0.08400855,-0.032972291,4.95E-05,4.20E-05
28.3,-0.086668919,-0.03622564,-0.086161099,-0.034936441,4.96E-05,4.22E-05
28.4,-0.08830993,-0.038215151,-0.087883632,-0.036905033,4.98E-05,4.24E-05
28.5,-0.08985953,-0.040226633,-0.089370299,-0.038666333,4.99E-05,4.26E-05
28.6,-0.091316484,-0.042256842,-0.090440517,-0.040538079,5.00E-05,4.28E-05
28.7,-0.092679682,-0.044302497,-0.091364662,-0.042535934,5.01E-05,4.31E-05
28.8,-0.09394814,-0.046360282,-0.093514946,-0.044529797,5.02E-05,4.33E-05
28.9,-0.095121003,-0.048426853,-0.094579242,-0.047355883,5.03E-05,4.35E-05
29,-0.096197542,-0.050498843,-0.095378884,-0.049401293,5.03E-05,4.38E-05
29.1,-0.09717716,-0.052572865,-0.096183623,-0.051459226,5.04E-05,4.40E-05
29.2,-0.098059389,-0.054645517,-0.096610611,-0.053166414,5.05E-05,4.42E-05
29.3,-0.098843893,-0.056713389,-0.098582255,-0.054875197,5.05E-05,4.45E-05
29.4,-0.099530467,-0.058773066,-0.099059083,-0.057593313,5.06E-05,4.47E-05
29.5,-0.100119036,-0.060821133,-0.100095589,-0.058904444,5.06E-05,4.49E-05
29.6,-0.100609656,-0.06285418,-0.099841978,-0.06156557,5.06E-05,4.52E-05
29.7,-0.101002517,-0.064868808,-0.100427282,-0.063054408,5.06E-05,4.54E-05
29.8,-0.101297936,-0.066861632,-0.100405482,-0.06537818,5.06E-05,4.56E-05
29.9,-0.101496363,-0.068829287,-0.101464456,-0.067872845,5.07E-05,4.58E-05
30,-0.101598375,-0.070768434,-0.100967093,-0.068907354,5.07E-05,4.60E-05
30.1,-0.101604679,-0.072675763,-0.101661595,-0.071113535,5.07E-05,4.62E-05
30.2,-0.101516108,-0.074547995,-0.101603752,-0.073019592,5.07E-05,4.64E-05
30.3,-0.101333621,-0.076381894,-0.101770648,-0.075134391,5.07E-05,4.65E-05
30.4,-0.101058303,-0.078174266,-0.101720245,-0.076534944,5.07E-05,4.67E-05
30.5,-0.100691361,-0.079921965,-0.10065729,-0.078495986,5.07E-05,4.68E-05
30.6,-0.100234121,-0.081621897,-0.100142564,-0.080789235,5.07E-05,4.70E-05
30.7,-0.09968803,-0.083271025,-0.099268908,-0.082237291,5.07E-05,4.71E-05
30.8,-0.099054652,-0.084866376,-0.099808468,-0.083959979,5.07E-05,4.72E-05
30.9,-0.098335664,-0.08640504,-0.099191197,-0.085553412,5.07E-05,4.73E-05
31,-0.097532856,-0.087884177,-0.097823713,-0.086598257,5.07E-05,4.74E-05
31.1,-0.096648127,-0.089301023,-0.097603979,-0.088889924,5.07E-05,4.75E-05
31.2,-0.095683483,-0.09065289,-0.096587464,-0.090179277,5.07E-05,4.76E-05
31.3,-0.094641033,-0.091937173,-0.094377612,-0.091213645,5.08E-05,4.76E-05
31.4,-0.093522988,-0.093151353,-0.094639354,-0.092911376,5.08E-05,4.77E-05
31.5,-0.092331653,-0.094292998,-0.093701085,-0.094014761,5.08E-05,4.77E-05
31.6,-0.091069431,-0.095359772,-0.091696776,-0.094641567,5.09E-05,4.78E-05
31.7,-0.089738813,-0.096349433,-0.090802535,-0.095940364,5.09E-05,4.78E-05
31.8,-0.088342377,-0.09725984,-0.089231565,-0.097006844,5.10E-05,4.78E-05
31.9,-0.086882785,-0.098088953,-0.087309732,-0.097416852,5.10E-05,4.79E-05
32,-0.085362777,-0.09883484,-0.086045104,-0.098793717,5.11E-05,4.79E-05
32.1,-0.083785171,-0.099495675,-0.085365441,-0.09890808,5.12E-05,4.79E-05
32.2,-0.082152852,-0.100069745,-0.082462391,-0.099451805,5.13E-05,4.79E-05
32.3,-0.080468776,-0.10055545,-0.08118764,-0.100023817,5.14E-05,4.79E-05
32.4,-0.078735959,-0.100951305,-0.080342055,-0.101205749,5.15E-05,4.79E-05
32.5,-0.076957478,-0.101255944,-0.078187678,-0.100764159,5.17E-05,4.79E-05
32.6,-0.075136462,-0.101468124,-0.076752799,-0.101393943,5.18E-05,4.79E-05
32.7,-0.07327609,-0.10158672,-0.074084483,-0.101180316,5.19E-05,4.79E-05
32.8,-0.071379588,-0.101610733,-0.073252136,-0.102112953,5.21E-05,4.79E-05
32.9,-0.069450218,-0.10153929,-0.070986217,-0.102185897,5.23E-05,4.79E-05
33,-0.067491282,-0.101371643,-0.068579319,-0.101599028,5.25E-05,4.79E-05
33.1,-0.065506111,-0.101107174,-0.067151714,-0.101762612,5.27E-05,4.79E-05
33.2,-0.063498062,-0.100745392,-0.06537843,-0.100806127,5.29E-05,4.79E-05
33.3,-0.061470513,-0.100285938,-0.063309996,-0.100399153,5.31E-05,4.79E-05
33.4,-0.059426861,-0.099728581,-0.061680002,-0.100369947,5.33E-05,4.80E-05
33.5,-0.057370512,-0.099073223,-0.059410119,-0.099198849,5.35E-05,4.80E-05
33.6,-0.05530488,-0.098319897,-0.056430593,-0.098658598,5.37E-05,4.80E-05
33.7,-0.05323338,-0.097468766,-0.054732311,-0.098554051,5.40E-05,4.81E-05
33.8,-0.051159424,-0.096520124,-0.052363055,-0.097305265,5.42E-05,4.81E-05
33.9,-0.049086419,-0.095474399,-0.050704132,-0.096675031,5.44E-05,4.82E-05
34,-0.047017755,-0.094332146,-0.048703811,-0.095590647,5.47E-05,4.82E-05
34.1,-0.044956807,-0.093094051,-0.046082674,-0.093588729,5.49E-05,4.83E-05
34.2,-0.042906927,-0.09176093,-0.045244266,-0.092836785,5.51E-05,4.84E-05
34.3,-0.04087144,-0.090333726,-0.04209409,-0.091717864,5.54E-05,4.85E-05
34.4,-0.038853639,-0.088813508,-0.040931638,-0.090086948,5.56E-05,4.86E-05
34.5,-0.03685678,-0.087201473,-0.037752988,-0.088444737,5.59E-05,4.87E-05
34.6,-0.034884079,-0.085498939,-0.03663151,-0.086852983,5.61E-05,4.88E-05
34.7,-0.032938704,-0.083707349,-0.033985882,-0.084841977,5.63E-05,4.89E-05
34.8,-0.031023775,-0.081828264,-0.031909917,-0.082780685,5.65E-05,4.91E-05
34.9,-0.029142356,-0.079863364,-0.031175404,-0.081613044,5.67E-05,4.92E-05
35,-0.027297452,-0.077814447,-0.028351017,-0.078991225,5.69E-05,4.94E-05
35.1,-0.025492003,-0.075683422,-0.0271148,-0.076950103,5.71E-05,4.96E-05
35.2,-0.023728885,-0.073472311,-0.024762314,-0.074859212,5.73E-05,4.98E-05
35.3,-0.022010899,-0.071183242,-0.022781965,-0.072934915,5.75E-05,5.00E-05
35.4,-0.020340771,-0.068818453,-0.02088286,-0.070381227,5.76E-05,5.02E-05
35.5,-0.018721148,-0.066380281,-0.019263976,-0.068214055,5.78E-05,5.04E-05
35.6,-0.017154595,-0.063871163,-0.018944631,-0.065395262,5.79E-05,5.07E-05
35.7,-0.015643586,-0.061293633,-0.016222675,-0.063003366,5.81E-05,5.10E-05
35.8,-0.014190508,-0.058650319,-0.015025691,-0.060313487,5.82E-05,5.12E-05
35.9,-0.012797653,-0.055943936,-0.013779803,-0.057441003,5.83E-05,5.15E-05
36,-0.011467216,-0.053177287,-0.011832835,-0.054454276,5.84E-05,5.18E-05
36.1,-0.01020129,-0.050353253,-0.01161536,-0.051858048,5.85E-05,5.22E-05
36.2,-0.009001867,-0.047474798,-0.009920895,-0.049210123,5.86E-05,5.25E-05
36.3,-0.007870832,-0.044544957,-0.008902138,-0.046662766,5.86E-05,5.28E-05
36.4,-0.006809961,-0.041566834,-0.007634549,-0.043376843,5.87E-05,5.32E-05
36.5,-0.005820919,-0.038543602,-0.006369802,-0.040928303,5.88E-05,5.36E-05
36.6,-0.004905256,-0.035478492,-0.004883858,-0.037193459,5.88E-05,5.40E-05
36.7,-0.004064408,-0.032374793,-0.004840982,-0.034290936,5.89E-05,5.44E-05
36.8,-0.003299692,-0.029235849,-0.004456017,-0.030877653,5.89E-05,5.48E-05
36.9,-0.002612305,-0.026065047,-0.002437925,-0.027867126,5.89E-05,5.52E-05
37,-0.002003323,-0.022865822,-0.001954778,-0.024927035,5.89E-05,5.57E-05
37.1,-0.001473699,-0.019641645,-0.002304662,-0.022123028,5.90E-05,5.61E-05
37.2,-0.00102426,-0.016396022,-0.000606757,-0.018480606,5.90E-05,5.66E-05
37.3,-0.000655711,-0.013132488,-0.000950028,-0.015509328,5.90E-05,5.70E-05
37.4,-0.000368625,-0.009854602,-0.000496466,-0.011682205,5.90E-05,5.75E-05
37.5,-0.000163453,-0.006565943,-0.001064546,-0.008573431,5.90E-05,5.80E-05
37.6,-4.05E-05,-0.003270105,0.000541172,-0.005853497,5.90E-05,5.84E-05
37.7,-3.25E-09,2.93E-05,0.000471729,-0.002126562,5.90E-05,5.89E-05
37.8,-4.20E-05,0.003328691,0.000670382,0.001183197,5.90E-05,5.94E-05
37.9,-0.000166381,0.006624434,0.000122764,0.004001748,5.90E-05,5.99E-05
38,-0.000373011,0.009912932,0.000491933,0.007329855,5.90E-05,6.04E-05
38.1,-0.000661548,0.013190595,-0.000892363,0.010534013,5.90E-05,6.08E-05
38.2,-0.00103154,0.016453841,-0.000449267,0.013859255,5.90E-05,6.13E-05
38.3,-0.001482409,0.019699114,-0.001475368,0.017184122,5.90E-05,6.18E-05
38.4,-0.002013451,0.022922878,-0.001792013,0.020656267,5.90E-05,6.23E-05
38.5,-0.002623834,0.026121629,-0.002946763,0.024275699,5.90E-05,6.27E-05
38.6,-0.003312605,0.029291894,-0.002897707,0.027291706,5.90E-05,6.32E-05
38.7,-0.004078684,0.032430242,-0.002964307,0.030275725,5.91E-05,6.36E-05
38.8,-0.004920873,0.035533284,-0.004994199,0.033651425,5.91E-05,6.40E-05
38.9,-0.005837852,0.038597679,-0.004902594,0.036810036,5.91E-05,6.44E-05
39,-0.006828184,0.041620138,-0.00622208,0.03928051,5.92E-05,6.48E-05
39.1,-0.007890316,0.04459743,-0.007546119,0.042490391,5.92E-05,6.52E-05
39.2,-0.009022582,0.047526386,-0.008534807,0.04568209,5.93E-05,6.56E-05
39.3,-0.010223202,0.050403901,-0.009454551,0.048611525,5.93E-05,6.60E-05
39.4,-0.011490292,0.05322694,-0.010598725,0.051477249,5.94E-05,6.63E-05
39.5,-0.012821856,0.055992544,-0.012693274,0.053670065,5.95E-05,6.67E-05
39.6,-0.014215801,0.058697831,-0.013110327,0.05648042,5.96E-05,6.70E-05
39.7,-0.015669928,0.06134,-0.014426195,0.059170775,5.97E-05,6.73E-05
39.8,-0.017181944,0.063916337,-0.015430764,0.062155507,5.98E-05,6.76E-05
39.9,-0.018749462,0.066424217,-0.017989927,0.064635475,5.99E-05,6.79E-05
40,-0.020370005,0.068861106,-0.019918968,0.067537366,6.00E-05,6.81E-05
40.1,-0.022041006,0.071224571,-0.020249137,0.070147971,6.01E-05,6.84E-05
40.2,-0.023759818,0.073512273,-0.022581576,0.072214606,6.03E-05,6.86E-05
40.3,-0.025523713,0.075721981,-0.023669223,0.074738043,6.04E-05,6.88E-05
40.4,-0.027329887,0.077851564,-0.026258262,0.076636298,6.06E-05,6.90E-05
40.5,-0.029175466,0.079899005,-0.028424179,0.078040745,6.08E-05,6.92E-05
40.6,-0.031057507,0.081862396,-0.029889127,0.080968519,6.10E-05,6.94E-05
40.7,-0.032973004,0.083739941,-0.031957464,0.082438113,6.12E-05,6.96E-05
40.8,-0.034918891,0.085529963,-0.033952836,0.084161241,6.14E-05,6.97E-05
40.9,-0.036892049,0.087230901,-0.036102864,0.085786967,6.16E-05,6.99E-05
41,-0.038889308,0.088841316,-0.037583501,0.087815287,6.18E-05,7.00E-05
41.1,-0.040907452,0.090359892,-0.040002923,0.089244085,6.20E-05,7.01E-05
41.2,-0.042943223,0.091785434,-0.041026409,0.090900741,6.22E-05,7.02E-05
41.3,-0.044993329,0.093116875,-0.042923328,0.091737478,6.25E-05,7.03E-05
41.4,-0.047054443,0.094353274,-0.045681925,0.093753948,6.27E-05,7.04E-05
41.5,-0.049123214,0.095493818,-0.047166254,0.094875224,6.29E-05,7.05E-05
41.6,-0.051196266,0.096537824,-0.050220107,0.095347362,6.32E-05,7.06E-05
41.7,-0.053270208,0.097484736,-0.051874067,0.096931354,6.34E-05,7.06E-05
41.8,-0.055341633,0.098334132,-0.054245286,0.097701755,6.37E-05,7.07E-05
41.9,-0.057407131,0.099085719,-0.055436628,0.098567581,6.39E-05,7.07E-05
42,-0.059463284,0.099739336,-0.057733477,0.098925302,6.41E-05,7.08E-05
42.1,-0.06150668,0.100294953,-0.060063543,0.099626913,6.44E-05,7.08E-05
42.2,-0.063533911,0.10075267,-0.06274001,0.100317218,6.46E-05,7.08E-05
42.3,-0.065541583,0.101112719,-0.06375839,0.101135434,6.48E-05,7.08E-05
42.4,-0.067526318,0.101375464,-0.066439921,0.100628843,6.50E-05,7.09E-05
42.5,-0.069484757,0.101541396,-0.068293681,0.101526257,6.52E-05,7.09E-05
42.6,-0.071413572,0.101611137,-0.069720918,0.101355771,6.54E-05,7.09E-05
42.7,-0.073309461,0.101585436,-0.071570363,0.101058974,6.56E-05,7.09E-05
42.8,-0.075169162,0.101465168,-0.073622298,0.101096223,6.58E-05,7.09E-05
42.9,-0.07698945,0.101251336,-0.076256582,0.100775249,6.60E-05,7.09E-05
43,-0.078767147,0.100945065,-0.078074569,0.101194077,6.62E-05,7.09E-05
43.1,-0.080499124,0.100547601,-0.078591414,0.100942944,6.63E-05,7.09E-05
43.2,-0.082182307,0.100060314,-0.081349374,0.100332546,6.64E-05,7.09E-05
43.3,-0.08381368,0.099484689,-0.083065636,0.099480982,6.66E-05,7.09E-05
43.4,-0.085390288,0.098822328,-0.084333921,0.098792816,6.67E-05,7.09E-05
43.5,-0.086909247,0.098074946,-0.085767066,0.098449162,6.68E-05,7.09E-05
43.6,-0.088367741,0.097244372,-0.086685983,0.097498735,6.69E-05,7.09E-05
43.7,-0.089763031,0.096332539,-0.088760681,0.097049435,6.70E-05,7.09E-05
43.8,-0.091092456,0.095341489,-0.090591253,0.095422448,6.70E-05,7.09E-05
43.9,-0.092353441,0.094273365,-0.091854115,0.095086531,6.71E-05,7.10E-05
44,-0.093543494,0.093130411,-0.092601762,0.093262189,6.72E-05,7.10E-05
44.1,-0.094660217,0.091914965,-0.093857437,0.092435935,6.72E-05,7.10E-05
44.2,-0.095701303,0.090629459,-0.095213211,0.09152709,6.72E-05,7.11E-05
44.3,-0.096664546,0.089276415,-0.096918095,0.090298323,6.73E-05,7.11E-05
44.4,-0.097547836,0.087858439,-0.097112995,0.08843656,6.73E-05,7.12E-05
44.5,-0.098349172,0.086378219,-0.097937855,0.087351096,6.73E-05,7.12E-05
44.6,-0.099066654,0.084838524,-0.098699286,0.086092507,6.73E-05,7.13E-05
44.7,-0.099698496,0.083242192,-0.099290116,0.08455963,6.73E-05,7.14E-05
44.8,-0.100243022,0.081592135,-0.100469222,0.082146786,6.73E-05,7.15E-05
44.9,-0.100698671,0.079891328,-0.099797756,0.080803773,6.73E-05,7.16E-05
45,-0.101063997,0.078142809,-0.100456906,0.079201292,6.73E-05,7.18E-05
45.1,-0.101337676,0.076349671,-0.101797698,0.077164987,6.73E-05,7.19E-05
45.2,-0.101518503,0.074515063,-0.101780605,0.075617141,6.73E-05,7.20E-05
45.3,-0.101605397,0.072642179,-0.101059639,0.073626383,6.73E-05,7.22E-05
45.4,-0.1015974,0.070734257,-0.101088428,0.071983658,6.74E-05,7.24E-05
45.5,-0.101493681,0.068794574,-0.101775209,0.070476179,6.74E-05,7.25E-05
45.6,-0.101293536,0.066826442,-0.101716224,0.068315661,6.74E-05,7.27E-05
45.7,-0.100996389,0.064833202,-0.100874197,0.066507868,6.74E-05,7.29E-05
45.8,-0.100601795,0.062818217,-0.101773973,0.063880688,6.74E-05,7.31E-05
45.9,-0.100109436,0.060784874,-0.100587692,0.062036546,6.74E-05,7.34E-05
46,-0.099519126,0.058736571,-0.100458623,0.060649361,6.74E-05,7.36E-05
46.1,-0.098830812,0.056676719,-0.099606048,0.058401692,6.75E-05,7.38E-05
46.2,-0.09804457,0.054608732,-0.09814471,0.055844503,6.75E-05,7.40E-05
46.3,-0.097160607,0.052536026,-0.098096562,0.054396336,6.75E-05,7.43E-05
46.4,-0.096179263,0.050462011,-0.096115276,0.051626328,6.76E-05,7.45E-05
46.5,-0.095101007,0.048390087,-0.09555918,0.04997136,6.77E-05,7.48E-05
46.6,-0.09392644,0.046323642,-0.09467826,0.04800085,6.77E-05,7.50E-05
46.7,-0.092656291,0.044266044,-0.092882413,0.04575922,6.78E-05,7.52E-05
46.8,-0.091291419,0.042220634,-0.092384185,0.043874042,6.79E-05,7.55E-05
46.9,-0.089832809,0.040190729,-0.090212938,0.042110602,6.80E-05,7.57E-05
47,-0.088281574,0.03817961,-0.089095314,0.040060749,6.81E-05,7.60E-05
47.1,-0.086638951,0.036190518,-0.08710574,0.037750496,6.82E-05,7.62E-05
47.2,-0.084906302,0.034226656,-0.085626767,0.035642768,6.83E-05,7.64E-05
47.3,-0.083085107,0.032291174,-0.083722621,0.033917014,6.85E-05,7.66E-05
47.4,-0.08117697,0.030387175,-0.082400381,0.031951058,6.86E-05,7.69E-05
47.5,-0.07918361,0.028517704,-0.079869995,0.0299836,6.88E-05,7.71E-05
47.6,-0.077106861,0.026685743,-0.07869473,0.027728757,6.89E-05,7.73E-05
47.7,-0.074948673,0.024894213,-0.076222257,0.026151682,6.91E-05,7.74E-05
47.8,-0.072711102,0.023145963,-0.073521934,0.024292354,6.93E-05,7.76E-05
47.9,-0.070396315,0.021443771,-0.071548422,0.022865324,6.95E-05,7.78E-05
48,-0.068006581,0.019790336,-0.069855535,0.021237915,6.98E-05,7.80E-05
48.1,-0.065544273,0.018188279,-0.066381793,0.019111775,7.00E-05,7.81E-05
48.2,-0.063011862,0.016640132,-0.064444897,0.017481587,7.03E-05,7.82E-05
48.3,-0.060411912,0.015148344,-0.062577315,0.015785375,7.05E-05,7.84E-05
48.4,-0.05774708,0.013715267,-0.059688982,0.015101526,7.08E-05,7.85E-05
48.5,-0.055020113,0.012343163,-0.056539802,0.013713205,7.11E-05,7.86E-05
48.6,-0.05223384,0.011034192,-0.053863498,0.012127516,7.14E-05,7.87E-05
48.7,-0.049391171,0.009790414,-0.051070812,0.010387785,7.17E-05,7.88E-05
48.8,-0.046495092,0.008613784,-0.047836501,0.009518896,7.21E-05,7.89E-05
48.9,-0.043548664,0.007506153,-0.044749948,0.008482109,7.24E-05,7.89E-05
49,-0.040555015,0.006469257,-0.042234016,0.00680569,7.28E-05,7.90E-05
49.1,-0.037517335,0.005504724,-0.039339774,0.006668607,7.32E-05,7.90E-05
49.2,-0.034438879,0.004614067,-0.035959284,0.00563575,7.36E-05,7.91E-05
49.3,-0.031322952,0.00379868,-0.032804423,0.004548287,7.40E-05,7.91E-05
49.4,-0.028172913,0.003059842,-0.030681549,0.003796255,7.44E-05,7.92E-05
49.5,-0.024992168,0.002398708,-0.027076588,0.002777927,7.48E-05,7.92E-05
49.6,-0.021784162,0.001816314,-0.023353485,0.002511027,7.53E-05,7.92E-05
49.7,-0.01855238,0.001313569,-0.020347342,0.001383207,7.57E-05,7.92E-05
49.8,-0.015300338,0.000891261,-0.017935636,0.001404042,7.62E-05,7.92E-05
49.9,-0.012031579,0.000550049,-0.014873632,0.000549797,7.66E-05,7.92E-05
50,-0.00874967,0.000290467,-0.010712845,0.00018575,7.71E-05,7.92E-05